Workbook

Sheet RESUMEN
D2: TRANSPORTE MONTIVERO
D3: CLIENTE: | F3: TERSUAVE/ DISAL S.A.
E5: PERIODO: | F5: 1º QUINCENA ENERO 2026
F6: DEL 27 DIC. AL 15 ENERO
A9: VIAJES EN MOVILES | D9: KM | G9: RECORRIDOS EN TRAFIC | J9: =TRAFIC!E2 -> 94
A10: CIUDAD | D10: ='RECORRIDO CIUDAD'!G3 -> 5476.7283
A11: CADETERIA | D11: =CADETERIA!G3 -> 165.62
A12: JUSTO DARACT | D12: ='JUSTO DARACT'!H3 -> 1757
A13: SAN LUIS | D13: ='SAN LUIS'!H3 -> 757.66
B14: TOTAL | D14: =SUM(D10:D13) -> 8157.0083
A22: NOVEDADES
A23: TARIFA NUEVA: ENERO-DICIEMBRE-FEBRERO 2026

Sheet RECORRIDO CIUDAD
E3: Total de Km: | G3: =F559 -> 5476.7283
E4: Costo Total:
A7: N° | B7: Nº BOLETA | C7: FECHA | D7: HORARIO | F7: KM REALIZADOS | G7: PASAJEROS | H7: LLEGADA A PLANTA | I7: MOTIVO | J7: ESPERA | K7: OBSERVACIONES | L7: CHOFER
D8: ENTRADA | E8: SALIDA
A9: 1 | B9: 133949 | C9: 46385 | D9: 0.25 | F9: 8.5 | G9: GARRIDO-LUCERO | H9: 0.24305556 | I9: INGRESO | L9: GABRIEL PONCE
A10: 2 | B10: 133950 | C10: 46385 | D10: 0.29166667 | F10: 9.3 | G10: FALCON-RITTANO-ROMAN | H10: 0.28402778 | I10: INGRESO | L10: GABRIEL PONCE
A11: 3 | B11: 133951 | C11: 46385 | D11: 0.58333333 | F11: 9.5 | G11: MONDON-BUSTOS-GUTIERREZ | H11: 0.57361111 | I11: INGRESO | L11: GABRIEL PONCE
A12: 4 | B12: 133952 | C12: 46379 | D12: 0.625 | F12: 9 | G12: MERCAU J. | H12: 0.61944444 | I12: INGRESO | L12: GABRIEL PONCE
A13: 5 | B13: 133953 | C13: 46051 | E13: 0.625 | F13: 14.1 | G13: AGÜERO-CHAVEZ-TEJERO | I13: EGRESO | L13: GABRIEL PONCE
A14: 6 | B14: 133954 | C14: 46385 | E14: 0.66666667 | F14: 9 | G14: LARROUDE-BRUÑA | I14: EGRESO | L14: GABRIEL PONCE
A15: 7 | B15: 133686 | C15: 46021 | E15: 0.25 | F15: 14.5 | G15: ILLANES-FUNES C.-ZAVALA | I15: EGRESO | L15: GABRIEL PONCE
A16: 8 | B16: 133687 | C16: 46021 | D16: 0.29166667 | F16: 9.3 | G16: ROMAN-RITTANO-FALCON | H16: 0.28402778 | I16: INGRESO | L16: GABRIEL PONCE
A17: 9 | B17: 133688 | C17: 46021 | D17: 0.375 | F17: 7 | G17: LUCERO P. | H17: 0.36805556 | I17: INGRESO | L17: GABRIEL PONCE
A18: 10 | B18: 133689 | C18: 46021 | E18: 0.375 | F18: 10 | G18: OLGUIN J. | I18: EGRESO | L18: GABRIEL PONCE
A19: 11 | B19: 133697 | C19: 46021 | E19: 0.083333333 | F19: 8.8 | G19: CAPUSOTTI-SEGURA-FUNES | I19: EGRESO | L19: GABRIEL PONCE
A20: 12 | B20: 133691 | C20: 46027 | D20: 0.20833333 | F20: 10.8 | G20: SALAFIA-FLORES | H20: 0.19375 | I20: INGRESO | L20: GABRIEL PONCE
A21: 13 | B21: 133693 | C21: 46027 | D21: 0.29166667 | F21: 11 | G21: GOMEZ-TISERA-ALTURRIA | H21: 0.28680556 | I21: INGRESO | L21: GABRIEL PONCE
A22: 14 | B22: 133694 | C22: 46027 | E22: 0.95833333 | F22: 10.8 | G22: VEGA-PEDERNERA | I22: EGRESO | L22: GABRIEL PONCE
A23: 15 | B23: 133695 | C23: 46028 | E23: 0 | F23: 7 | G23: TORRES L. | I23: EGRESO | L23: GABRIEL PONCE
A24: 16 | B24: 133696 | C24: 46028 | E24: 0.041666667 | F24: 11.5 | G24: SEGURA-MERCAU-FUNES L. | I24: EGRESO | L24: GABRIEL PONCE
A25: 17 | B25: 133886 | C25: 46028 | E25: 0.25 | F25: 14.6 | G25: OLGUIN-SOMBRA-MATURANO-TORRES | I25: EGRESO | L25: GABRIEL PONCE
A26: 18 | B26: 133698 | C26: 46028 | D26: 0.54166667 | F26: 9.5 | G26: FUNES M.-SEGURA-CAPUSOTTI-HOYOS | H26: 0.53333333 | I26: INGRESO | L26: GABRIEL PONCE
A27: 19 | B27: 133887 | C27: 46028 | D27: 0.58333333 | F27: 17 | G27: ZAVALA-ALTAMIRANO | H27: 0.58055556 | I27: INGRESO | L27: GABRIEL PONCE
A28: 20 | B28: 133888 | C28: 46332 | E28: 0.66666667 | F28: 10 | G28: TISERA-GOMEZ | I28: EGRESO | L28: GABRIEL PONCE
A29: 21 | B29: 133699 | C29: 46028 | E29: 0.70833333 | F29: 11.7 | G29: SHORTREDE-VIDELA-GARRO | I29: EGRESO | L29: GABRIEL PONCE
A30: 22 | B30: 133700 | C30: 46028 | D30: 0.75 | F30: 13 | G30: PAYERO-OCHOA | H30: 0.73819444 | I30: INGRESO | L30: GABRIEL PONCE
A31: 23 | B31: 136601 | C31: 46028 | E31: 0.75 | F31: 9 | G31: BUSTOS L. | I31: EGRESO | K31: NUEVO DOMICILIO: SALTA AL 1500 | L31: GABRIEL PONCE
A32: 24 | B32: 136602 | C32: 46028 | E32: 0.95833333 | F32: 10.8 | G32: VEGA-PEDERNERA | I32: EGRESO | L32: GABRIEL PONCE
A33: 25 | B33: 136603 | C33: 46029 | E33: 0 | F33: 10 | G33: TORRES-MERCAU | I33: EGRESO | L33: GABRIEL PONCE
A34: 26 | B34: 136604 | C34: 46029 | E34: 0.083333333 | F34: 13.5 | G34: DICRISTOFANO-CACERES-CHAVEZ-FUNES L. | I34: EGRESO | L34: GABRIEL PONCE
A35: 27 | B35: 136605 | C35: 46029 | D35: 0.25 | F35: 13.5 | G35: GARRIDO-TEJERO-POLLACHI | H35: 0.24236111 | I35: INGRESO | L35: GABRIEL PONCE
A36: 28 | B36: 136606 | C36: 46029 | E36: 0.25 | F36: 13.3 | G36: PAYERO-TORRES-OCHOA | I36: EGRESO | L36: GABRIEL PONCE
A37: 29 | B37: 136607 | C37: 46029 | D37: 0.29166667 | F37: 11 | G37: GOMEZ-TISERA-ALTURRIA | H37: 0.28472222 | I37: INGRESO | L37: GABRIEL PONCE
A38: 30 | B38: 136608 | C38: 46030 | E38: 0.083333333 | F38: 10.8 | G38: OZAN-CAPUSOTTI-FUNES L. | I38: EGRESO | L38: GABRIEL PONCE
A39: 31 | B39: 133609 | C39: 46030 | D39: 0.25 | F39: 13.5 | G39: GARRIDO-TEJERO-POLLACHI | H39: 0.24444444 | I39: INGRESO | L39: GABRIEL PONCE
A40: 32 | B40: 136610 | C40: 46030 | E40: 0.25 | F40: 14.5 | G40: NUÑEZ-PAYERO-TORRES-OCHOA | I40: EGRESO | L40: GABRIEL PONCE
A41: 33 | B41: 136611 | C41: 46030 | D41: 0.29166667 | F41: 11 | G41: GOMEZ-TISERA-ALTURRIA | H41: 0.28472222 | I41: INGRESO | L41: GABRIEL PONCE
A42: 34 | B42: 136612 | C42: 46030 | D42: 0.54166667 | F42: 7 | G42: HOYOS S. | H42: 0.53888889 | I42: INGRESO | L42: GABRIEL PONCE
A43: 35 | B43: 136614 | C43: 46030 | E43: 0.625 | F43: 13.5 | G43: GARRIDO-TEJERO-POLLACHI | I43: EGRESO | L43: GABRIEL PONCE
A44: 36 | B44: 136615 | C44: 46030 | E44: 0.70833333 | F44: 12 | G44: GUZMAN-AGUIRRE-NIEVAS | I44: EGRESO | L44: GABRIEL PONCE
A45: 37 | B45: 136616 | C45: 46030 | D45: 0.75 | F45: 13 | G45: PAYERO-TORRES J. | H45: 0.74444444 | I45: INGRESO | L45: GABRIEL PONCE
A46: 38 | B46: 136617 | C46: 46030 | E46: 0.75 | F46: 10.5 | G46: TISERA-BUSTOS L. | I46: EGRESO | L46: GABRIEL PONCE
A47: 39 | B47: 135619 | C47: 46031 | E47: 0.083333333 | F47: 9 | G47: DICRISTOFANO-CAPUSOTTI-SEGURA-FUNES M. | I47: EGRESO | L47: GABRIEL PONCE
A48: 40 | B48: 136621 | C48: 46031 | D48: 0.5 | F48: 7.3 | G48: HOYOS-POBLET | H48: 0.49305556 | I48: INGRESO | L48: GABRIEL PONCE
A49: 41 | B49: 136622 | C49: 46031 | E49: 0.5 | F49: 6 | G49: SOSA B. | I49: EGRESO | K49: PLANTA- H. DE LA VILLA | L49: GABRIEL PONCE
A50: 42 | B50: 136624 | C50: 46031 | E50: 0.875 | F50: 10.8 | G50: VEGA-PEDERNERA | I50: EGRESO | L50: GABRIEL PONCE
A51: 43 | B51: 136626 | C51: 46032 | D51: 0.20833333 | F51: 14 | G51: CALDERON-MEDERO-ESCUDERO | H51: 0.19930556 | I51: INGRESO | L51: GABRIEL PONCE
A52: 44 | B52: 136627 | C52: 46032 | E52: 0.20833333 | F52: 13.3 | G52: PAYERO-TORRES-OCHOA | I52: EGRESO | L52: GABRIEL PONCE
A53: 45 | B53: 136628 | C53: 46032 | D53: 0.25 | F53: 10.7 | G53: FLORES-VIDELA-BRITOS E.-CRUZ | H53: 0.24097222 | I53: INGRESO | L53: GABRIEL PONCE
A54: 46 | B54: 136629 | C54: 46034 | D54: 0.20833333 | F54: 18.3 | G54: ZAVALA-AVILA-POLLACHI | H54: 0.19930556 | I54: INGRESO | L54: GABRIEL PONCE
A55: 47 | B55: 136631 | C55: 46035 | E55: 0.083333333 | F55: 13 | G55: POBLET-TOLEDO-REYNOSO | I55: EGRESO | L55: GABRIEL PONCE
A56: 48 | B56: 136632 | C56: 46035 | D56: 0.25 | F56: 19.3 | G56: ZAVALA-GARRIDO-TEJERO | H56: 0.24097222 | I56: INGRESO | L56: GABRIEL PONCE
A57: 49 | B57: 136633 | C57: 46035 | E57: 0.25 | F57: 12.5 | G57: ROSALES-CABALLERO-BUSTOS L. | I57: EGRESO | L57: GABRIEL PONCE
A58: 50 | B58: 136634 | C58: 46035 | D58: 0.29166667 | F58: 10 | G58: GOMEZ J. | H58: 0.28055556 | I58: INGRESO | L58: GABRIEL PONCE
A59: 51 | B59: 134211 | C59: 46035 | D59: 0.75 | F59: 12 | G59: CABALLERO-GUTIERREZ | H59: 0.75138889 | I59: INGRESO | L59: GABRIEL PONCE
A60: 52 | B60: 134212 | C60: 46035 | E60: 0.75 | F60: 12.3 | G60: FUNES L. | I60: EGRESO | L60: GABRIEL PONCE
A61: 53 | B61: 136809 | C61: 46036 | E61: 0.75 | F61: 19.5 | G61: VRACAMONTE-ZAVALA | I61: EGRESO | L61: GABRIEL PONCE
A62: 54 | B62: 136475 | C62: 46037 | E62: 0 | F62: 8.7 | G62: CABRERA-MACIAS | I62: EGRESO | K62: NEGATIVO EN PLANTA | L62: GABRIEL PONCE
A63: 55 | B63: 136476 | C63: 46037 | E63: 0.041666667 | F63: 7.7 | G63: CABRERA E. | I63: EGRESO | L63: GABRIEL PONCE
A64: 56 | B64: 136477 | C64: 46037 | E64: 0.083333333 | F64: 13 | G64: POBLET-TOLEDO-REYNOSO | I64: EGRESO | L64: GABRIEL PONCE
A65: 57 | B65: 136638 | C65: 46037 | D65: 0.25 | F65: 11 | G65: ILLANES-ROSALES-CABALLERO | I65: EGRESO | L65: GABRIEL PONCE
A66: 58 | B66: 136639 | C66: 46037 | D66: 0.29166667 | F66: 10 | G66: GOMEZ J. | I66: INGRESO | K66: NEGATIVO EN DOMICILIO: EL OPERARIO HABIA NOTIFICADO RRHH QUE IBA EN MEDIOS PROPIOS MIERCOLES-JUEVES-VIERNES | L66: GABRIEL PONCE
A67: 59 | B67: 136816 | C67: 46037 | E67: 0.66666667 | F67: 9.3 | G67: LARROUDE-DELLABRUNA-BRUÑA | I67: EGRESO | L67: GABRIEL PONCE
A68: 60 | B68: 133955 | C68: 46022 | D68: 0.25 | F68: 8.5 | G68: LUCERO-GARRIDO | H68: 0.24375 | I68: INGRESO | L68: EVELIN ROJAS
A69: 61 | B69: 133956 | C69: 46022 | E69: 0.25 | F69: 14.3 | G69: ILLANES-FUNES C.-ZAVALA | I69: EGRESO | L69: EVELIN ROJAS
A70: 62 | B70: 133957 | C70: 46022 | D70: 0.29166667 | F70: 6.9 | G70: ALTURRIA H. | H70: 0.28263889 | I70: INGRESO | L70: EVELIN ROJAS
A71: 63 | B71: 133959 | C71: 46027 | D71: 0.25 | F71: 8.5 | G71: LUCERO-GARRIDO | H71: 0.24305556 | I71: INGRESO | L71: EVELIN ROJAS
A72: 64 | B72: 133960 | C72: 46027 | D72: 0.29166667 | F72: 8 | G72: RITTANO F. | H72: 0.28472222 | I72: INGRESO | L72: EVELIN ROJAS
A73: 65 | B73: 133961 | C73: 46027 | D73: 0.58333333 | F73: 8.9 | G73: PEDERNERA-VEGA | I73: INGRESO | L73: EVELIN ROJAS
A74: 66 | B74: 133962 | C74: 46027 | D74: 0.625 | F74: 9.5 | G74: SASSIA-HEREDIA | H74: 0.61388889 | I74: INGRESO | L74: EVELIN ROJAS
A75: 67 | B75: 133963 | C75: 46027 | E75: 0.625 | F75: 9 | G75: ROMAN-CABRERA-AGÜERO | I75: EGRESO | L75: EVELIN ROJAS
A76: 68 | B76: 133964 | C76: 46027 | E76: 0.66666667 | F76: 8 | G76: RITTANO F. | I76: EGRESO | L76: EVELIN ROJAS
A77: 69 | B77: 133965 | C77: 46028 | D77: 0.25 | F77: 13.5 | G77: GARRIDO-TEJERO-POLLACHI | H77: 0.24444444 | I77: INGRESO | L77: EVELIN ROJAS
A78: 70 | B78: 133966 | C78: 46028 | E78: 0.25 | F78: 14.9 | G78: NUÑEZ-PAYERO-OCHOA | I78: EGRESO | L78: EVELIN ROJAS
A79: 71 | B79: 133967 | C79: 46028 | D79: 0.58333333 | F79: 9.5 | G79: PEDERNERA-VEGA | H79: 0.57638889 | I79: INGRESO | L79: EVELIN ROJAS
A80: 72 | B80: 133968 | C80: 46028 | D80: 0.625 | F80: 10 | G80: MERCAU-TORRES | H80: 0.61944444 | I80: INGRESO | L80: EVELIN ROJAS
A81: 73 | B81: 133970 | C81: 46029 | D81: 0.25 | F81: 8.9 | G81: ROMAN-CABRERA-AGÜERO | H81: 0.24722222 | I81: INGRESO | L81: EVELIN ROJAS
A82: 74 | B82: 133971 | C82: 46029 | E82: 0.25 | F82: 8.9 | G82: BOLLA D. | I82: EGRESO | L82: EVELIN ROJAS
A83: 75 | B83: 133972 | C83: 46029 | D83: 0.29166667 | F83: 8.7 | G83: BRUÑA M. | H83: 0.28055556 | I83: INGRESO | L83: EVELIN ROJAS
A84: 76 | B84: 133973 | C84: 46029 | D84: 0.58333333 | F84: 12.3 | G84: PEDERNERA-FUNES-SEGURA-VEGA | H84: 0.57916667 | I84: INGRESO | L84: EVELIN ROJAS
A85: 77 | B85: 133974 | C85: 46029 | D85: 0.625 | F85: 10 | G85: MERCAU-TORRES | H85: 0.62152778 | I85: INGRESO | L85: EVELIN ROJAS
A86: 78 | B86: 133975 | C86: 46029 | E86: 0.625 | F86: 11.8 | G86: POLLACHI-TEJERO | I86: EGRESO | L86: EVELIN ROJAS
A87: 79 | B87: 133976 | C87: 46029 | E87: 0.66666667 | F87: 8.9 | G87: BRUÑA M. | I87: EGRESO | L87: EVELIN ROJAS
A88: 80 | B88: 133977 | C88: 46031 | D88: 0.25 | F88: 11.2 | G88: GARRIDO-POLLACHI | H88: 0.24652778 | I88: INGRESO | L88: EVELIN ROJAS
A89: 81 | B89: 133976 | C89: 46031 | E89: 0.25 | F89: 13.5 | G89: TORRES-PAYERO-OCHOA | I89: EGRESO | L89: EVELIN ROJAS
A90: 82 | B90: 133979 | C90: 46031 | D90: 0.29166667 | F90: 10.6 | G90: ALTURRIA-GOMEZ-TISERA | H90: 0.28611111 | I90: INGRESO | L90: EVELIN ROJAS
A91: 83 | B91: 133980 | C91: 46031 | D91: 0.54166667 | F91: 10 | G91: PEDERNERA-SEGURA-FUNES | H91: 0.53333333 | I91: INGRESO | K91: NEGATIVO DOMICILIO SEGURA Y FUNES M. | L91: EVELIN ROJAS
A92: 84 | B92: 133981 | C92: 46031 | D92: 0.58333333 | F92: 10 | G92: MERCAU-TORRES | H92: 0.57569444 | I92: INGRESO | K92: NEGATIVO EN DOMICILIO MERCAU J. | L92: EVELIN ROJAS
A93: 85 | B93: 133982 | C93: 46031 | E93: 0.58333333 | F93: 8.9 | G93: POLLACHI | I93: EGRESO | L93: EVELIN ROJAS
A94: 86 | B94: 133983 | C94: 46031 | D94: 0.625 | F94: 7 | G94: ALTURRIA | I94: EGRESO | L94: EVELIN ROJAS
A95: 87 | B95: 133984 | C95: 46031 | E95: 0.75 | F95: 8.5 | G95: BUSTOS L. | I95: EGRESO | L95: EVELIN ROJAS
A96: 88 | B96: 133985 | C96: 46032 | D96: 0.20833333 | F96: 8.9 | G96: BUSTOS-AGÜERO | I96: INGRESO | L96: EVELIN ROJAS
A97: 89 | B97: 133986 | C97: 46032 | E97: 0.20833333 | F97: 8.7 | G97: BOLLA D. | I97: EGRESO | L97: EVELIN ROJAS
A98: 90 | B98: 133987 | C98: 46032 | D98: 0.25 | F98: 9.6 | G98: BARAHONA-MANCHENTO-PACO | H98: 0.23541667 | I98: INGRESO | L98: EVELIN ROJAS
A99: 91 | B99: 133988 | C99: 46032 | E99: 0.5 | F99: 9.6 | G99: PACO-BARAHONA-MANCHENTO | I99: EGRESO | L99: EVELIN ROJAS
A100: 92 | B100: 133989 | C100: 46034 | D100: 0.25 | F100: 12.2 | G100: GARRIDO-TEJERO | H100: 0.23958333 | I100: INGRESO | L100: EVELIN ROJAS
A101: 93 | B101: 133990 | C101: 46034 | D101: 0.29166667 | F101: 8.9 | G101: BRUÑA M. | H101: 0.28055556 | I101: INGRESO | L101: EVELIN ROJAS
A102: 94 | B102: 133991 | C102: 46034 | D102: 0.58333333 | F102: 9.3 | G102: BOLLA-TOLEDO-POBLET | H102: 0.57638889 | I102: INGRESO | L102: EVELIN ROJAS
A103: 95 | B103: 133992 | C103: 46034 | E103: 0.58333333 | F103: 6.9 | G103: MORENO A. | I103: EGRESO | L103: EVELIN ROJAS
A104: 96 | B104: 133993 | C104: 46034 | D104: 0.625 | F104: 8.9 | G104: MANCHENTO-MERCAU | H104: 0.61805556 | I104: INGRESO | L104: EVELIN ROJAS
...

Sheet CADETERIA
E3: Total de Km: | G3: =F19 -> 165.62
E4: Costo Total:
A7: N° | B7: Nº BOLETA | C7: FECHA | D7: HORARIO | F7: KM REALIZADOS | G7: MIN. ESPERA | H7: DETALLE | I7: CHOFER
D8: ENTRADA | E8: SALIDA
A9: 1 | B9: 133522 | C9: 46031 | D9: 0.5 | F9: 8 | G9: 15 | H9: ESCRIBANIA-CLINICA-PLANTA | I9: JORGE ICARDI
A10: 2 | B10: 134006 | C10: 46021 | D10: 15.30 | F10: 6 | H10: ESCRIBANIA-PLANTA | I10: EZEQUIEL VERGARA
A11: 3 | B11: 134014 | C11: 46027 | D11: 11.00 | F11: 6 | H11: ESCRIBANIA-PLANTA | I11: EZEQUIEL VERGARA
A12: 4 | B12: 134036 | C12: 46030 | D12: 11.30 | F12: 6 | H12: ESCRIBANIA-PLANTA | I12: EZEQUIEL VERGARA
A13: 5 | B13: 134037 | C13: 46030 | D13: 11.40 | F13: 12.8 | G13: 20 | H13: PLANTA-HIDRAULICA-PLANTA | I13: EZEQUIEL VERGARA
A14: 6 | B14: 134206 | C14: 46035 | E14: 0.45833333 | F14: 6.5 | H14: ESCRIBANIA: PLANTA - CIUDAD | I14: SERGIO FERNANDEZ
A15: 7 | B15: 136468 | C15: 46035 | E15: 0.45138889 | F15: 108.5 | H15: LLEVAR MUESTRAS: PLANTA VM - COLORIN | I15: DANIEL DUTREY
A16: 8 | B16: 136480 | C16: 46037 | D16: 0.52083333 | F16: 6 | H16: BULONERA CENTRO-PLANTA | I16: DANIEL DUTREY
F17: =SUM(F9:F16) -> 159.8 | G17: =SUM(G9:G16) -> 35
C18: 20 Min. De espera equivalente en KM | F18: 5.82
D19: TOTAL DE KM | F19: =SUM(F17:F18) -> 165.62

Sheet JUSTO DARACT
E3: Total de Km: | H3: =G47 -> 1757
E4: Costo Total:
A7: N° | B7: Nº BOLETA | C7: FECHA | D7: HORARIO | F7: LLEGADA PLANTA | G7: KM REALIZADOS | H7: PASAJEROS | I7: ESPERA | J7: OBSERVACIONES | K7: CHOFER
D8: ENTRADA | E8: SALIDA
A9: 1 | B9: 133685 | C9: 46021 | D9: 0.25 | F9: 0.24027778 | G9: 50 | H9: MIDLELL-BELLO-DOMINGUEZ | J9: INGRESO | K9: GABRIEL PONCE
A10: 2 | B10: 133692 | C10: 46027 | D10: 0.25 | F10: 0.24305556 | G10: 50 | H10: BELLO J. | J10: INGRESO | K10: GABRIEL PONCE
A11: 3 | B11: 133885 | C11: 46028 | D11: 0.25 | F11: 0.24305556 | G11: 50 | H11: BELLO J. | J11: INGRESO | K11: GABRIEL PONCE
A12: 4 | B12: 136440 | C12: 46028 | D12: 0.625 | F12: 0.62013889 | G12: 50 | H12: DOMINGUEZ D. | J12: INGRESO | K12: GABRIEL PONCE
A13: 5 | B13: 133613 | C13: 46030 | D13: 0.625 | F13: 0.61319444 | G13: 50 | H13: DOMINGUEZ D. | J13: INGRESO | K13: GABRIEL PONCE
A14: 6 | B14: 133618 | C14: 46031 | E14: 0 | G14: 50 | H14: DOMINGUEZ D. | J14: EGRESO | K14: GABRIEL PONCE
A15: 7 | B15: 136623 | C15: 46031 | D15: 0.58333333 | F15: 0.57083333 | G15: 50 | H15: DOMINGUEZ D. | J15: INGRESO | K15: GABRIEL PONCE
A16: 8 | B16: 136625 | C16: 46031 | E16: 0.91666667 | G16: 50 | H16: DOMINGUEZ D. | J16: EGRESO | K16: GABRIEL PONCE
A17: 9 | B17: 136630 | C17: 46034 | D17: 0.25 | F17: 0.24444444 | G17: 50 | H17: BELLO-DOMINGUEZ | J17: INGRESO | K17: GABRIEL PONCE
A18: 10 | B18: 133543 | C18: 46036 | E18: 0.70833333 | G18: 50 | H18: BELLO-DOMINGUEZ | J18: EGRESO | K18: GABRIEL PONCE
A19: 11 | B19: 136637 | C19: 46037 | D19: 0.25 | F19: 0.23958333 | G19: 50 | H19: BELLO-DOMINGUEZ | J19: INGRESO | K19: GABRIEL PONCE
A20: 12 | B20: 133958 | C20: 46387 | E20: 0.54166667 | G20: 50 | H20: MIDLELL-BELLO-DOMINGUEZ | J20: EGRESO | K20: EVELIN ROJAS
A21: 13 | B21: 133969 | C21: 46028 | E21: 0.625 | G21: 50 | H21: BELLO J. | J21: EGRESO | K21: EVELIN ROJAS
A22: 14 | B22: 136801 | C22: 46035 | E22: 0.625 | G22: 50 | H22: DOMINGUEZ-BELLO | J22: EGRESO | K22: EVELIN ROJAS
A23: 15 | B23: 133453 | C23: 46020 | D23: 06.00 | F23: 05.51 | G23: 50 | H23: MIDLELL-BELLO-DOMINGUEZ | J23: INGRESO | K23: PABLO ALCARAZ
A24: 16 | B24: 136296 | C24: 46020 | E24: 15.00 | G24: 50 | H24: MIDLELL-BELLO-DOMINGUEZ | J24: EGRESO | K24: PABLO ALCARAZ
A25: 17 | B25: 133470 | C25: 46022 | D25: 06.00 | F25: 05.51 | G25: 50 | H25: MIDLELL-BELLO-DOMINGUEZ | J25: INGRESO | K25: PABLO ALCARAZ
A26: 18 | B26: 134017 | C26: 46027 | E26: 15.00 | G26: 50 | H26: BELLO | J26: EGRESO | K26: PABLO ALCARAZ
A27: 19 | B27: 133478 | C27: 46027 | E27: 24.00 | G27: 50 | H27: DOMINGUEZ | J27: EGRESO | K27: PABLO ALCARAZ
A28: 20 | B28: 133484 | C28: 46028 | E28: 24.00 | G28: 50 | H28: DOMINGUEZ | J28: EGRESO | K28: PABLO ALCARAZ
A29: 21 | B29: 133485 | C29: 46029 | D29: 06.00 | F29: 05.51 | G29: 50 | H29: BELLO | J29: INGRESO | K29: PABLO ALCARAZ
A30: 22 | B30: 133491 | C30: 46029 | E30: 24.00 | G30: 50 | H30: DOMINGUEZ | J30: EGRESO | K30: PABLO ALCARAZ
A31: 23 | B31: 133492 | C31: 46030 | D31: 06.00 | F31: 05.46 | G31: 50 | H31: BELLO | J31: INGRESO | K31: PABLO ALCARAZ
A32: 24 | B32: 136719 | C32: 46035 | D32: 06.00 | F32: 06.00 | G32: 50 | H32: DOMINGUEZ-BELLO | J32: INGRESO | K32: PABLO ALCARAZ
A33: 25 | B33: 136727 | C33: 46036 | D33: 06.00 | F33: 05.50 | G33: 50 | H33: DOMINGUEZ-BELLO | J33: INGRESO | K33: PABLO ALCARAZ
A34: 26 | B34: 136501 | C34: 46027 | D34: 15.00 | F34: 14.48 | G34: 50 | H34: DOMINGUEZ | J34: INGRESO | K34: DAMIAN ISOLA
A35: 27 | B35: 136525 | C35: 46031 | E35: 16.00 | G35: 50 | H35: BELLO | J35: EGRESO | K35: DAMIAN ISOLA
A36: 28 | B36: 136545 | C36: 46037 | E36: 15.00 | G36: 50 | H36: DOMINGUEZ-BELLO | J36: EGRESO | K36: DAMIAN ISOLA
A37: 29 | B37: 133510 | C37: 46386 | E37: 0.70833333 | G37: 50 | H37: BELLO J. | J37: EGRESO | K37: JORGE ICARDI
A38: 30 | B38: 133520 | C38: 46031 | D38: 0.25 | F38: 0.23958333 | G38: 50 | H38: BELLO J. | J38: INGRESO | K38: JORGE ICARDI
A39: 31 | B39: 133530 | C39: 46034 | E39: 0.625 | G39: 50 | H39: BELLO-DOMINGUEZ | J39: EGRESO | K39: JORGE ICARDI
A40: 32 | B40: 136472 | C40: 46036 | E40: 0.625 | G40: 7 | H40: BELLO J. | J40: NEGATIVO EN EL EGRESO DE PLANTA | K40: JORGE ICARDI
A41: 33 | B41: 136316 | C41: 46029 | D41: 15.00 | F41: 14.46 | G41: 50 | H41: DOMINGUEZ | J41: INGRESO | K41: JUAN MOLINA
A42: 34 | B42: 134040 | C42: 46030 | E42: 15.00 | G42: 50 | H42: BELLO | J42: EGRESO | K42: EZEQUIEL VERGARA
A43: 35 | B43: 133873 | C43: 46021 | E43: 0.625 | G43: 50 | H43: MIDLELL-DOMINGUEZ | J43: EGRESO | K43: SERGIO FERNANDEZ
A44: 36 | B44: 133892 | C44: 46029 | E44: 0.70833333 | G44: 50 | H44: BELLO J. | J44: EGRESO | K44: SERGIO FERNANDEZ
F45: KM REALIZADOS | G45: =SUM(G9:G44) -> 1757 | I45: =SUM(I20:I44) -> 0
D46: 0 Min. De espera equivalente en KM | I46: ESPERA
E47: TOTAL DE KM | G47: =SUM(G45:G46) -> 1757

Sheet SAN LUIS
E3: Total de Km: | H3: =G17 -> 757.66
E4: Costo Total:
A7: N° | B7: Nº BOLETA | C7: FECHA | D7: HORARIO | F7: LLEGADA PLANTA | G7: KM REALIZADOS | H7: PASAJEROS | I7: ESPERA | J7: OBSERVACIONES | K7: CHOFER
D8: ENTRADA | E8: SALIDA
A9: 1 | B9: 136620 | C9: 46031 | D9: 0.27083333 | G9: 107 | H9: CARENA LUCIA: DOMICILIO VM - COLORIN | J9: INGRESO COLORIN | K9: GABRIEL PONCE
A10: 2 | B10: 136635 | C10: 46035 | E10: 0.33333333 | G10: 209 | H10: ROLON M.-ANDURELL A.: PLANTA V.M. - MATRICERIA ARG. | I10: 90 | J10: IDA Y VUELTA A PLANTA CON ESPERA | K10: GABRIEL PONCE
A11: 3 | B11: 136636 | C11: 46036 | E11: 0.6875 | G11: 105 | H11: SHORTREDE A.: COLORIN - DOMICILIO VM | J11: EGRESO COLORIN | K11: GABRIEL PONCE
A12: 4 | B12: 136711 | C12: 46034 | D12: 06.00 | G12: 105 | H12: SHORTREDE A.: DOMICILIO V.M-COLORIN S.L | J12: INGRESO COLORIN | K12: PABLO ALCARAZ
A13: 5 | B13: 136730 | C13: 46036 | D13: 08.00 | G13: 108.9 | H13: RIVERO D.: PLANTA V.M-COLORIN S.L | J13: INGRESO COLORIN | K13: PABLO ALCARAZ
A14: 6 | B14: 136732 | C14: 46036 | E14: 15.00 | G14: 108.9 | H14: RIVERO: COLORIN S.L-DOMICILIO VM | J14: EGRESO COLORIN | K14: PABLO ALCARAZ
F15: KM REALIZADOS | G15: =SUM(G9:G14) -> 743.8 | I15: =SUM(I9:I14) -> 90
D16: 0 Min. De espera equivalente en KM | G16: 13.86 | I16: ESPERA
E17: TOTAL DE KM | G17: =SUM(G15:G16) -> 757.66

Sheet TRAFIC
C2: CANTIDAD DE VIAJES | E2: =F35 -> 94
C3: Total de Km:
C4: Costo Total:
A7: RECORRIDOS COMBIS
A8: FECHA | B8: RECORRIDO 1 (MERCEDES SPRINTER) | D8: VIAJES CANTIDAD | E8: RECORRIDO 2 (RENAULT MASTER) | H8: VIAJES CANTIDAD
A9: 46020 | B9: 06:00 - 07:00 | D9: 2 | E9: 06:00 - 07:00 | H9: 2
B10: 15:00 - 16:00 | D10: 2 | E10: 15:00 - 16:00 | H10: 2
A11: 46021 | B11: 06:00 - 07:00 | D11: 2 | E11: 06:00 - 07:00 | H11: 2
B12: 15:00 - 16:00 | D12: 2 | E12: 15:00 - 16:00 | H12: 2
A13: 46022 | B13: 06:00 - 07:00 | D13: 2 | E13: 06:00 - 07:00 | H13: 2
B14: 0.54166667 | D14: 1 | E14: 0.54166667 | H14: 1
A15: 46027 | B15: 06:00 - 07:00 | D15: 2 | E15: 06:00 - 07:00 | H15: 2
B16: 15:00 - 16:00 | D16: 2 | E16: 15:00 - 16:00 | H16: 2
A17: 46028 | B17: 06:00 - 07:00 | D17: 2 | E17: 06:00 - 07:00 | H17: 2
B18: 15:00 - 16:00 | D18: 2 | E18: 15:00 - 16:00 | H18: 2
A19: 46029 | B19: 06:00 - 07:00 | D19: 2 | E19: 06:00 - 07:00 | H19: 2
B20: 15:00 - 16:00 | D20: 2 | E20: 15:00 - 16:00 | H20: 2
A21: 46030 | B21: 06:00 - 07:00 | D21: 2 | E21: 06:00 - 07:00 | H21: 2
B22: 15:00 - 16:00 | D22: 2 | E22: 15:00 - 16:00 | H22: 2
A23: 46031 | B23: 06:00 - 07:00 | D23: 2 | E23: 06:00 - 07:00 | H23: 2
B24: 14:00 - 15:00 | D24: 2 | E24: 14:00 - 15:00 | H24: 2
A25: 46034 | B25: 06:00 - 07:00 | D25: 2 | E25: 06:00 - 07:00 | H25: 2
B26: 15:00 - 16:00 | D26: 2 | E26: 15:00 - 16:00 | H26: 2
A27: 46035 | B27: 06:00 - 07:00 | D27: 2 | E27: 06:00 - 07:00 | H27: 2
B28: 15:00 - 16:00 | D28: 2 | E28: 15:00 - 16:00 | H28: 2
A29: 46036 | B29: 06:00 - 07:00 | D29: 2 | E29: 06:00 - 07:00 | H29: 2
B30: 15:00 - 16:00 | D30: 2 | E30: 15:00 - 16:00 | H30: 2
A31: 46037 | B31: 06:00 - 07:00 | D31: 2 | E31: 06:00 - 07:00 | H31: 2
B32: 15:00 - 16:00 | D32: 2 | E32: 15:00 - 16:00 | H32: 2
D33: =SUM(D9:D32) -> 47 | E33: TOTALES DE VIAJES | H33: =SUM(H9:H32) -> 47
F35: =D33+H33 -> 94
